Hidden Layer 1,Hidden Layer 2,Hidden Layer 3,Batch Size,Optimizer,Validation MSE,Validation MAE,5% Margin Accuracy,Loss History,Validation Loss History
128,64,N/A,512,rmsprop,0.022802049294114113,0.09482396394014359,33.36573511543135,"0.22133585810661316,0.06401566416025162,0.046963345259428024,0.04146281257271767,0.03745832294225693,0.035884540528059006,0.03386953845620155,0.0331382155418396,0.03144920617341995,0.031226616352796555,0.030302755534648895,0.030139990150928497,0.029070096090435982,0.02890923246741295,0.02884613536298275,0.028155537322163582,0.027839763090014458,0.027334939688444138,0.026914160698652267,0.0268271304666996,0.026962652802467346,0.026648933067917824,0.02654903195798397,0.02623448148369789,0.02562681958079338,0.02599145658314228,0.025738252326846123,0.02540621906518936,0.02279631234705448,0.022716565057635307,0.022472703829407692,0.022423766553401947,0.022322773933410645,0.022492311894893646,0.022524166852235794,0.022312354296445847,0.022178979590535164,0.02222655527293682,0.02223063074052334,0.02202974073588848,0.021993212401866913,0.02196711115539074,0.02206953801214695,0.021963754668831825,0.021834105253219604,0.02195591852068901,0.02166125923395157,0.021666212007403374,0.021869635209441185,0.02171623334288597,0.020912881940603256,0.02088000625371933,0.02096177265048027,0.020913541316986084,0.020848333835601807,0.02087445929646492,0.020820995792746544,0.020728647708892822,0.020801568403840065,0.020763123407959938,0.02071804367005825,0.020691052079200745,0.020670004189014435,0.020698484033346176,0.0204581618309021,0.020409177988767624,0.020386284217238426,0.020360682159662247,0.020351747050881386,0.020362144336104393,0.020338166505098343,0.020316675305366516,0.020329749211668968,0.020312996581196785,0.02025371417403221,0.02028745412826538,0.020278505980968475,0.02027076669037342,0.020256269723176956,0.020247112959623337,0.02020813152194023,0.020198773592710495,0.020168624818325043,0.020205188542604446,0.020189136266708374,0.020178819075226784,0.020182624459266663,0.020106935873627663,0.020145801827311516,0.020140744745731354,0.020165473222732544,0.020034708082675934,0.020024660974740982,0.020018765702843666,0.0199909545481205,0.02001800946891308,0.02000313438475132,0.019978227093815804,0.020001888275146484,0.019961897283792496","0.09202476590871811,0.051808614283800125,0.04023415967822075,0.04084416478872299,0.048549775034189224,0.032891176640987396,0.035392921417951584,0.029201623052358627,0.030340727418661118,0.0394267737865448,0.029999515041708946,0.02524673566222191,0.025961991399526596,0.02478799968957901,0.035194169729948044,0.035335805267095566,0.02543848380446434,0.02340642549097538,0.02778676338493824,0.023742353543639183,0.03577397018671036,0.024489250034093857,0.027245279401540756,0.02819567546248436,0.026825949549674988,0.0323883518576622,0.0267480481415987,0.026867536827921867,0.021036379039287567,0.024489380419254303,0.02473261207342148,0.02299560233950615,0.02114676684141159,0.020824791863560677,0.021088022738695145,0.022044003009796143,0.02575981803238392,0.02874211221933365,0.021142810583114624,0.02066943608224392,0.021170318126678467,0.022387968376278877,0.025739101693034172,0.022116679698228836,0.02196979522705078,0.021350426599383354,0.022671382874250412,0.022068332880735397,0.02075992338359356,0.02062881924211979,0.02129194512963295,0.02171614207327366,0.02061888575553894,0.019374623894691467,0.022867754101753235,0.019837506115436554,0.0192918349057436,0.021030068397521973,0.021174736320972443,0.020532898604869843,0.01936301216483116,0.020029520615935326,0.020752908661961555,0.019978949800133705,0.01968189887702465,0.018999503925442696,0.019057178869843483,0.0190169345587492,0.01910354569554329,0.019296962767839432,0.019038308411836624,0.01928280107676983,0.019650274887681007,0.019055187702178955,0.01888982206583023,0.018946412950754166,0.018873004242777824,0.019009966403245926,0.01910880208015442,0.01927788183093071,0.018712038174271584,0.0189349465072155,0.019912468269467354,0.01942807249724865,0.018831845372915268,0.019253794103860855,0.019993236288428307,0.019187889993190765,0.01928393356502056,0.020190898329019547,0.01876719295978546,0.01878996752202511,0.01865340583026409,0.018706392496824265,0.019147604703903198,0.018648089841008186,0.018827494233846664,0.018914522603154182,0.0186656154692173,0.019009960815310478"
32,64,N/A,1024,adam,0.023749327287077904,0.09791537374258041,32.4179829890644,"0.8048375248908997,0.2784174978733063,0.15007902681827545,0.08834566175937653,0.0627450942993164,0.05159296840429306,0.04475237801671028,0.0404733344912529,0.037375375628471375,0.0351669006049633,0.03351172059774399,0.03225395828485489,0.03129023686051369,0.030493391677737236,0.029686253517866135,0.029226118698716164,0.02880927175283432,0.028269195929169655,0.027940534055233,0.02752787061035633,0.02722771465778351,0.02693076618015766,0.02657303400337696,0.026260696351528168,0.026345938444137573,0.026081690564751625,0.025747355073690414,0.0257713682949543,0.02550039440393448,0.025234315544366837,0.025150692090392113,0.02714310958981514,0.02560071088373661,0.025010928511619568,0.024878375232219696,0.024547772482037544,0.024498572573065758,0.024491583928465843,0.024482857435941696,0.024208538234233856,0.024155592545866966,0.024148933589458466,0.02401517704129219,0.023887874558568,0.023994069546461105,0.023777004331350327,0.02370261959731579,0.02372424118220806,0.023592675104737282,0.02354574203491211,0.02355380728840828,0.023580515757203102,0.023269731551408768,0.023205364122986794,0.023262398317456245,0.02327846735715866,0.023837409913539886,0.023098638281226158,0.0231611430644989,0.022976191714406013,0.02295289933681488,0.022980935871601105,0.022825799882411957,0.0231084693223238,0.022778481245040894,0.022545963525772095,0.02266351319849491,0.022514117881655693,0.02261311747133732,0.022379986941814423,0.022363657131791115,0.022371143102645874,0.02231375128030777,0.02226477488875389,0.022352436557412148,0.022292321547865868,0.02262127213180065,0.02225634641945362,0.02225155383348465,0.022138632833957672,0.022155705839395523,0.02211521752178669,0.02208550274372101,0.02207973599433899,0.022065846249461174,0.022071639075875282,0.02203523740172386,0.022221041843295097,0.022014403715729713,0.022057367488741875,0.021998923271894455,0.021977992728352547,0.02200014889240265,0.02191864140331745,0.0218952763825655,0.021949222311377525,0.021889613941311836,0.02192949876189232,0.021897442638874054,0.02187490090727806","0.4132736623287201,0.19549338519573212,0.111579529941082,0.07239367067813873,0.05654996261000633,0.04800746217370033,0.04279573634266853,0.038511428982019424,0.0360291413962841,0.033923402428627014,0.032385360449552536,0.031914617866277695,0.030092822387814522,0.029531516134738922,0.02850174903869629,0.028120649978518486,0.02762913890182972,0.02694777026772499,0.02656390145421028,0.02602546289563179,0.026047343388199806,0.02559816651046276,0.02505282685160637,0.025174010545015335,0.025225406512618065,0.024633273482322693,0.024922043085098267,0.024473652243614197,0.02420247718691826,0.02397976443171501,0.02605869062244892,0.02394871599972248,0.023764798417687416,0.023670440539717674,0.02342766709625721,0.023203708231449127,0.023334139958024025,0.02329045906662941,0.023176081478595734,0.022865381091833115,0.023143647238612175,0.023022761568427086,0.022381097078323364,0.022759897634387016,0.02288176864385605,0.02242792584002018,0.022534072399139404,0.02285168506205082,0.02277042344212532,0.0222824364900589,0.022428706288337708,0.02224341593682766,0.022168904542922974,0.022062817588448524,0.021822672337293625,0.023720161989331245,0.021866189315915108,0.022007549181580544,0.021846162155270576,0.021941274404525757,0.02241429314017296,0.02180255949497223,0.022962654009461403,0.02203487418591976,0.02180916629731655,0.021516626700758934,0.021408874541521072,0.02150261029601097,0.021552588790655136,0.021430647000670433,0.021367516368627548,0.021373720839619637,0.021362638100981712,0.0213228277862072,0.021458448842167854,0.021454302594065666,0.021648114547133446,0.021510092541575432,0.021295219659805298,0.021319016814231873,0.021249497309327126,0.021299585700035095,0.021138377487659454,0.021220989525318146,0.021090300753712654,0.021150240674614906,0.021055474877357483,0.02109585702419281,0.021113762632012367,0.021177168935537338,0.021039118990302086,0.02108393982052803,0.021085424348711967,0.021020326763391495,0.021065544337034225,0.021053150296211243,0.021024340763688087,0.021035483106970787,0.021055320277810097,0.02103840559720993"
32,16,16,512,adam,0.02353675290942192,0.09751004725694656,31.251518833535847,"0.6203343868255615,0.16138170659542084,0.058021143078804016,0.04194265976548195,0.03574969992041588,0.03242084011435509,0.030673108994960785,0.029284844174981117,0.028451167047023773,0.027490127831697464,0.027203964069485664,0.026653945446014404,0.026288116350769997,0.026392966508865356,0.025669844821095467,0.025472186505794525,0.025612561032176018,0.02512572519481182,0.025103898718953133,0.025040118023753166,0.024548901244997978,0.024413583800196648,0.02420162968337536,0.024205444380640984,0.023967275395989418,0.023769831284880638,0.02386324480175972,0.024011904373764992,0.02367006056010723,0.023617731407284737,0.023367706686258316,0.023241836577653885,0.02305024489760399,0.023209471255540848,0.02352040261030197,0.023158298805356026,0.02336312271654606,0.022917600348591805,0.022817010059952736,0.022974155843257904,0.023039085790514946,0.02315763756632805,0.022739291191101074,0.022649383172392845,0.022384576499462128,0.022878577932715416,0.022476930171251297,0.022128457203507423,0.02201692759990692,0.022088201716542244,0.0220479853451252,0.021875571459531784,0.022150471806526184,0.02200845256447792,0.02190481685101986,0.022010190412402153,0.022127103060483932,0.02180500701069832,0.021913906559348106,0.021937094628810883,0.02192932926118374,0.02189100719988346,0.021942127496004105,0.021840691566467285,0.02167620323598385,0.021788137033581734,0.021610690280795097,0.02163524553179741,0.021483367308974266,0.02153279073536396,0.021505970507860184,0.021547112613916397,0.021542899310588837,0.021439388394355774,0.02141239121556282,0.021522440016269684,0.0214077178388834,0.02139206789433956,0.021378062665462494,0.021394915878772736,0.021366959437727928,0.021278340369462967,0.02129339799284935,0.021305058151483536,0.02140752598643303,0.021279552951455116,0.02124933898448944,0.021262656897306442,0.0213253702968359,0.02123168669641018,0.021242784336209297,0.021240701898932457,0.021246720105409622,0.021203575655817986,0.021237574517726898,0.021212592720985413,0.021218134090304375,0.021206608042120934,0.02123100310564041,0.02121836505830288","0.2992352843284607,0.08262066543102264,0.04866662248969078,0.039722561836242676,0.03414447233080864,0.03168564289808273,0.02931569702923298,0.027661330997943878,0.026917317882180214,0.026250967755913734,0.025299200788140297,0.025590401142835617,0.025350866839289665,0.024756118655204773,0.024992123246192932,0.025608062744140625,0.02458752691745758,0.025693781673908234,0.025853438302874565,0.023531874641776085,0.023678282275795937,0.02315775863826275,0.022831792011857033,0.022593090310692787,0.022408105432987213,0.02201080322265625,0.02458401396870613,0.02180345356464386,0.022007735446095467,0.02286185882985592,0.02287052385509014,0.021638063713908195,0.021976636722683907,0.021927861496806145,0.02135797031223774,0.02143251895904541,0.02098930813372135,0.021001499146223068,0.0210679043084383,0.02158142626285553,0.022839581593871117,0.022540058940649033,0.020981598645448685,0.020932486280798912,0.02103370986878872,0.02170579507946968,0.021202273666858673,0.020467443391680717,0.020391402766108513,0.020793447270989418,0.02025805041193962,0.020319363102316856,0.020261047407984734,0.020351942628622055,0.02046174556016922,0.020777611061930656,0.02024962194263935,0.020089372992515564,0.020752383396029472,0.020642811432480812,0.020502673462033272,0.020468296483159065,0.020775174722075462,0.02049563266336918,0.02041657455265522,0.020026594400405884,0.020327400416135788,0.02018815465271473,0.020071523264050484,0.02008938603103161,0.019900638610124588,0.01987370289862156,0.019876502454280853,0.01991114392876625,0.019990405067801476,0.019991859793663025,0.019877733662724495,0.0200373325496912,0.020034901797771454,0.019948918372392654,0.019906599074602127,0.019861264154314995,0.019950296729803085,0.019873058423399925,0.019958408549427986,0.019886137917637825,0.01995154470205307,0.019827065989375114,0.02005891501903534,0.019939102232456207,0.019747579470276833,0.019978618249297142,0.01987351104617119,0.019878504797816277,0.01988019421696663,0.019755449146032333,0.01980622299015522,0.01991513930261135,0.019811227917671204,0.01975759118795395"
64,16,32,2048,rmsprop,0.03026260808110237,0.11508487910032272,26.634264884568655,"0.6588286757469177,0.256539911031723,0.1410955935716629,0.09775614738464355,0.07322286069393158,0.06240865960717201,0.05413569509983063,0.050093453377485275,0.045758191496133804,0.042461227625608444,0.042064592242240906,0.038428399711847305,0.03932572156190872,0.03700227290391922,0.03495639190077782,0.03493982553482056,0.03378242254257202,0.03352619707584381,0.033655714243650436,0.032644014805555344,0.03187037631869316,0.03242640942335129,0.03159207105636597,0.03117406740784645,0.030686089769005775,0.031345292925834656,0.030740082263946533,0.030567724257707596,0.02981356345117092,0.02999226562678814,0.030133962631225586,0.030201472342014313,0.029670141637325287,0.029240932315587997,0.029392683878540993,0.029287535697221756,0.029651878401637077,0.028418369591236115,0.02655995450913906,0.030042730271816254,0.028591720387339592,0.028017302975058556,0.028214849531650543,0.029105838388204575,0.02847585268318653,0.027972806245088577,0.027981175109744072,0.02805318497121334,0.028290610760450363,0.02618045173585415,0.028635995462536812,0.028733959421515465,0.02706524357199669,0.027056235820055008,0.024311738088726997,0.024350732564926147,0.02516108565032482,0.02481633611023426,0.02446712926030159,0.024685848504304886,0.024389589205384254,0.02457662858068943,0.024675870314240456,0.024427777156233788,0.024298902601003647,0.024433007463812828,0.02449634298682213,0.024427248165011406,0.024153217673301697,0.02401743270456791,0.024151111021637917,0.02377682365477085,0.024143792688846588,0.02417237125337124,0.024055711925029755,0.02383016236126423,0.023900257423520088,0.02378963679075241,0.024164611473679543,0.024116337299346924,0.023627832531929016,0.023535363376140594,0.023882385343313217,0.02379543147981167,0.023916523903608322,0.023028520867228508,0.023342315107584,0.022952109575271606,0.02300446480512619,0.02293958142399788,0.02300737425684929,0.023000014945864677,0.022953979671001434,0.022891703993082047,0.02299731969833374,0.022816939279437065,0.022896327078342438,0.022905543446540833,0.022861255332827568,0.022824842482805252","0.37399718165397644,0.1870850771665573,0.14753998816013336,0.09139831364154816,0.07730358839035034,0.05857877433300018,0.06371505558490753,0.046827398240566254,0.04692022129893303,0.0485343299806118,0.0471070371568203,0.053291723132133484,0.04407776892185211,0.05448658764362335,0.03762034326791763,0.03665502741932869,0.03753051161766052,0.033707812428474426,0.0295468270778656,0.030055491253733635,0.049763023853302,0.02993866242468357,0.028380976989865303,0.031158791854977608,0.03792179748415947,0.027102308347821236,0.033582352101802826,0.026736663654446602,0.033728908747434616,0.0290566124022007,0.029097046703100204,0.02637246437370777,0.03474073112010956,0.02726023644208908,0.034619469195604324,0.02622920088469982,0.03336596488952637,0.04082975909113884,0.038561947643756866,0.029523024335503578,0.024248195812106133,0.025870447978377342,0.04855780303478241,0.02350342832505703,0.03900371491909027,0.03638559207320213,0.0287899412214756,0.03666985034942627,0.04556649550795555,0.03348536416888237,0.029192432761192322,0.02425815723836422,0.023984702304005623,0.02510599046945572,0.028989745303988457,0.0288767721503973,0.023409396409988403,0.02304808609187603,0.028627613559365273,0.032233305275440216,0.02295079082250595,0.023813894018530846,0.024568816646933556,0.02375127375125885,0.02479015663266182,0.022924289107322693,0.02436615340411663,0.02236299030482769,0.0228083785623312,0.029134197160601616,0.02422310784459114,0.02327677235007286,0.029945671558380127,0.022203069180250168,0.026406554505228996,0.02378407120704651,0.02621462009847164,0.022661831229925156,0.022768590599298477,0.023250263184309006,0.026243630796670914,0.022675393149256706,0.03260194882750511,0.03231283649802208,0.02295251004397869,0.027923788875341415,0.02258123829960823,0.02424706518650055,0.022858697921037674,0.021849043667316437,0.02548692747950554,0.02188618667423725,0.023534376174211502,0.02329203113913536,0.024307334795594215,0.024199770763516426,0.021837208420038223,0.022694570943713188,0.02218252792954445,0.0259703379124403"
32,32,32,2048,rmsprop,0.030422255396842957,0.11015325784683228,28.797083839611176,"0.7617034316062927,0.3929809629917145,0.2307782769203186,0.14684253931045532,0.10065802931785583,0.07893382012844086,0.06621570885181427,0.058439355343580246,0.05438314005732536,0.050064634531736374,0.04657254368066788,0.044909585267305374,0.042995549738407135,0.04076883941888809,0.039118796586990356,0.03806104511022568,0.037997324019670486,0.03479649871587753,0.03709779679775238,0.03464258462190628,0.0347072035074234,0.034165505319833755,0.0333172008395195,0.03316313400864601,0.03328332304954529,0.03293067589402199,0.032327692955732346,0.031456924974918365,0.03275261074304581,0.030945653095841408,0.03105296567082405,0.03019128367304802,0.030504032969474792,0.03145327419042587,0.030052976682782173,0.029914705082774162,0.0300330501049757,0.030041314661502838,0.02981770783662796,0.029490051791071892,0.02827218919992447,0.030068064108490944,0.028922198340296745,0.02875821478664875,0.029610982164740562,0.028281178325414658,0.02847147360444069,0.02894457057118416,0.0284702368080616,0.0284087173640728,0.028149794787168503,0.0292772576212883,0.028341609984636307,0.02784307301044464,0.02788105607032776,0.028178328648209572,0.02790418267250061,0.026303673163056374,0.02770126983523369,0.027299625799059868,0.028068171814084053,0.02732282318174839,0.028557807207107544,0.02519834227859974,0.02859972044825554,0.02640395052731037,0.027561800554394722,0.027093801647424698,0.027106938883662224,0.025990448892116547,0.027172263711690903,0.027413910254836082,0.0270963367074728,0.026507370173931122,0.02670610509812832,0.026603084057569504,0.026424098759889603,0.026260262355208397,0.02693694829940796,0.026736313477158546,0.02706703171133995,0.026160236448049545,0.026439279317855835,0.027116598561406136,0.024899005889892578,0.026648392900824547,0.026754744350910187,0.02653639391064644,0.02573992684483528,0.026583515107631683,0.026232250034809113,0.026289919391274452,0.0231750700622797,0.02389763481914997,0.023631783202290535,0.02331961877644062,0.023257549852132797,0.02379159815609455,0.023536324501037598,0.02310226671397686","0.5337804555892944,0.2953220307826996,0.1949162632226944,0.13148897886276245,0.10192205011844635,0.08852910250425339,0.06744444370269775,0.05871613696217537,0.05489253252744675,0.051872868090867996,0.04422614350914955,0.04857304319739342,0.04288965463638306,0.03844349458813667,0.037758857011795044,0.05564006045460701,0.04692533239722252,0.040438584983348846,0.035387761890888214,0.039944056421518326,0.038997627794742584,0.03257608786225319,0.08639185130596161,0.03271489962935448,0.03204156458377838,0.029810035601258278,0.05052011087536812,0.0394010990858078,0.027971848845481873,0.028093427419662476,0.028457151725888252,0.029631376266479492,0.04113651439547539,0.034749314188957214,0.03428340330719948,0.034117456525564194,0.034551605582237244,0.026684598997235298,0.03347702696919441,0.02966562658548355,0.026672832667827606,0.02860782854259014,0.031228581443428993,0.04725947976112366,0.026306817308068275,0.03055897355079651,0.03889637067914009,0.02866988070309162,0.028437092900276184,0.026751678436994553,0.03387506678700447,0.03332826867699623,0.0269177183508873,0.02501939795911312,0.03095461241900921,0.03168453276157379,0.045371536165475845,0.02409815974533558,0.028930556029081345,0.0258399099111557,0.027030102908611298,0.05089418590068817,0.03221919387578964,0.03499796986579895,0.023419082164764404,0.02410137839615345,0.025578778237104416,0.02440326288342476,0.03656778484582901,0.0271963719278574,0.03995823115110397,0.023464560508728027,0.02452586032450199,0.023589463904500008,0.022781850770115852,0.02712559886276722,0.02537422627210617,0.02986879274249077,0.024266932159662247,0.024479839950799942,0.02677529864013195,0.02253166027367115,0.039141617715358734,0.029534799978137016,0.029748959466814995,0.027980057522654533,0.02845994010567665,0.023315977305173874,0.026649467647075653,0.022784272208809853,0.031018629670143127,0.023337524384260178,0.021936021745204926,0.025803973898291588,0.02739018015563488,0.028459884226322174,0.024199828505516052,0.022835748270154,0.023141751065850258,0.028258884325623512"
64,64,32,2048,rmsprop,0.02303439751267433,0.09743409603834152,31.251518833535847,"0.4975906312465668,0.1804332137107849,0.10753854364156723,0.08346275240182877,0.06811140477657318,0.06256843358278275,0.05459631606936455,0.05284516140818596,0.04819192364811897,0.04710085690021515,0.044111911207437515,0.042397357523441315,0.04076966270804405,0.04136388376355171,0.03884151950478554,0.03719953075051308,0.03663034364581108,0.03560374304652214,0.0361403152346611,0.03641403093934059,0.03515191376209259,0.034637901932001114,0.0349639430642128,0.03399244695901871,0.03348587825894356,0.03286835551261902,0.03374476358294487,0.032811619341373444,0.03387346863746643,0.03239776939153671,0.0333121232688427,0.030794547870755196,0.03142348304390907,0.031172268092632294,0.030204633250832558,0.03098105452954769,0.03131095692515373,0.030306344851851463,0.03141838684678078,0.03021971508860588,0.02972066029906273,0.02430352009832859,0.025382163003087044,0.025070106610655785,0.025230389088392258,0.02511543408036232,0.0255952849984169,0.025004897266626358,0.02486272342503071,0.024359699338674545,0.024893002584576607,0.024925479665398598,0.025142891332507133,0.024678505957126617,0.0250797588378191,0.024638516828417778,0.02428845316171646,0.02472829632461071,0.02335572987794876,0.023208238184452057,0.02322958968579769,0.023236487060785294,0.023165348917245865,0.023221665993332863,0.02315102145075798,0.02308971993625164,0.02290123701095581,0.022908354178071022,0.022914180532097816,0.0230567529797554,0.02285311371088028,0.02280939556658268,0.02292187511920929,0.02282075397670269,0.02269803173840046,0.022554151713848114,0.023013269528746605,0.022611310705542564,0.022851958870887756,0.022645223885774612,0.022434866055846214,0.02228708565235138,0.02234647423028946,0.022422224283218384,0.02238498441874981,0.02229868620634079,0.022292623296380043,0.022388877347111702,0.022259989753365517,0.02229047194123268,0.022263826802372932,0.02229788899421692,0.022176675498485565,0.02214820683002472,0.02213611826300621,0.02215801551938057,0.022177455946803093,0.02221803367137909,0.02209172211587429,0.02211468294262886","0.26466062664985657,0.1354631781578064,0.09490922093391418,0.07299546152353287,0.06812694668769836,0.05517415702342987,0.06298443675041199,0.05421602725982666,0.05056602507829666,0.05587070807814598,0.047756921499967575,0.03503788635134697,0.05703936144709587,0.03377341851592064,0.03685560077428818,0.03852831944823265,0.031228570267558098,0.03093836084008217,0.029989760369062424,0.030432235449552536,0.027329813688993454,0.028132105246186256,0.029445528984069824,0.036968208849430084,0.029648451134562492,0.02931024506688118,0.025738224387168884,0.03850632533431053,0.03650558739900589,0.028772102668881416,0.02448582835495472,0.027857450768351555,0.036846887320280075,0.032500799745321274,0.03331781178712845,0.02582603693008423,0.028714416548609734,0.05055423080921173,0.02916553057730198,0.028582436963915825,0.026475070044398308,0.024995606392621994,0.0274488627910614,0.024797268211841583,0.024564553052186966,0.02449088916182518,0.02264670841395855,0.022534562274813652,0.034316256642341614,0.023940671235322952,0.0231998972594738,0.031563837081193924,0.025950737297534943,0.02650601416826248,0.023943668231368065,0.02361082099378109,0.02341623231768608,0.026866696774959564,0.023240404203534126,0.023170670494437218,0.02670898661017418,0.026802117004990578,0.027224676683545113,0.02200073003768921,0.02241709642112255,0.022622063755989075,0.025449706241488457,0.02656704932451248,0.022228121757507324,0.021506942808628082,0.021772602573037148,0.025088541209697723,0.022172240540385246,0.023044057190418243,0.0230846107006073,0.02524455264210701,0.021848317235708237,0.022031640633940697,0.02197175659239292,0.022668378427624702,0.02116936817765236,0.02112579718232155,0.022046193480491638,0.02300788089632988,0.02168613113462925,0.02137143723666668,0.02310209535062313,0.022057311609387398,0.021303122863173485,0.021085448563098907,0.022831004112958908,0.021331891417503357,0.021177472546696663,0.021153723821043968,0.021284112706780434,0.021530620753765106,0.02165592834353447,0.02086934633553028,0.020981315523386,0.020936081185936928"
64,64,N/A,1024,adam,0.02280542068183422,0.09484139084815979,32.97691373025516,"0.6232898235321045,0.25310954451560974,0.1157548800110817,0.06507676839828491,0.04971586912870407,0.042285043746232986,0.037964705377817154,0.03494405373930931,0.03274160996079445,0.031361620873212814,0.030155349522829056,0.029267821460962296,0.028505176305770874,0.028016991913318634,0.02771027572453022,0.027209894731640816,0.02664126083254814,0.026296794414520264,0.025892136618494987,0.025854850187897682,0.02560104988515377,0.025209913030266762,0.025681497529149055,0.025311801582574844,0.025038978084921837,0.024447934702038765,0.02450084313750267,0.02428896725177765,0.024080604314804077,0.024074111133813858,0.023877130821347237,0.02368585392832756,0.023893706500530243,0.023929305374622345,0.023977821692824364,0.023838335648179054,0.023747095838189125,0.023264680057764053,0.023147011175751686,0.02335427515208721,0.023134073242545128,0.022922145202755928,0.023162605240941048,0.022841060534119606,0.023910852149128914,0.02285641059279442,0.022508976981043816,0.023212309926748276,0.022724730893969536,0.022567475214600563,0.02345808781683445,0.022402388975024223,0.022457238286733627,0.022494608536362648,0.022380953654646873,0.022178856655955315,0.02218073420226574,0.022283699363470078,0.02220570668578148,0.0221346914768219,0.022079234942793846,0.02184230647981167,0.022251956164836884,0.02224285528063774,0.021963629871606827,0.021827181801199913,0.0220999363809824,0.021735606715083122,0.021541254594922066,0.021604621782898903,0.022037360817193985,0.021530643105506897,0.02181679755449295,0.021588211879134178,0.021481988951563835,0.02160205878317356,0.02146698348224163,0.021367397159337997,0.021311329677700996,0.021275242790579796,0.021344739943742752,0.021324127912521362,0.021302582696080208,0.02127416618168354,0.02129684016108513,0.021232564002275467,0.021113555878400803,0.02110980823636055,0.021099813282489777,0.021048393100500107,0.021037613973021507,0.021016504615545273,0.021033113822340965,0.02104727178812027,0.02101524919271469,0.021036433055996895,0.021061565726995468,0.021014798432588577,0.02101716212928295,0.021025653928518295","0.35474908351898193,0.17067381739616394,0.08433947712182999,0.05681464448571205,0.046000588685274124,0.04071391373872757,0.03658341243863106,0.03364512324333191,0.03195991367101669,0.030648721382021904,0.029395900666713715,0.028340350836515427,0.028105296194553375,0.026840560138225555,0.026819312945008278,0.026124274358153343,0.025489524006843567,0.024870015680789948,0.024846212938427925,0.024397334083914757,0.02421659417450428,0.02522384561598301,0.023912878707051277,0.023953912779688835,0.023158827796578407,0.02311033010482788,0.022991029545664787,0.022854534909129143,0.02253994159400463,0.022575654089450836,0.02230633608996868,0.022545842453837395,0.022496793419122696,0.023632878437638283,0.02317131869494915,0.022552665323019028,0.022070197388529778,0.022183740511536598,0.022601278498768806,0.02221674844622612,0.021667715162038803,0.021569067612290382,0.021540313959121704,0.02361006662249565,0.02142232470214367,0.021365676075220108,0.02259529009461403,0.021521149203181267,0.021176842972636223,0.02288861759006977,0.020821303129196167,0.02120865508913994,0.02099192887544632,0.02074102871119976,0.021109819412231445,0.022009994834661484,0.020547734573483467,0.02117229253053665,0.020521661266684532,0.0208307933062315,0.020980676636099815,0.02055705338716507,0.020546989515423775,0.020844629034399986,0.020515330135822296,0.021066322922706604,0.020496457815170288,0.020136943086981773,0.02022857964038849,0.020059579983353615,0.02012392319738865,0.020241687074303627,0.02036348171532154,0.020173117518424988,0.020177295431494713,0.019915590062737465,0.02021229825913906,0.020051702857017517,0.01988561637699604,0.020120058208703995,0.020278478041291237,0.01983000710606575,0.020163465291261673,0.01995127461850643,0.01998969353735447,0.01991397701203823,0.019787581637501717,0.01980040967464447,0.019840018823742867,0.019739169627428055,0.019760647788643837,0.019665708765387535,0.019746912643313408,0.01962115801870823,0.019802099093794823,0.0198202021420002,0.020058028399944305,0.019607728347182274,0.01952456310391426,0.01964813657104969"
64,16,N/A,1024,rmsprop,0.0241695549339056,0.09948859363794327,29.793438639125153,"0.530063807964325,0.20518805086612701,0.10860522836446762,0.07398128509521484,0.059940580278635025,0.0511334091424942,0.04600508138537407,0.04188500717282295,0.03867126256227493,0.03697672486305237,0.03493737801909447,0.03343229368329048,0.03286249563097954,0.03160148486495018,0.030825519934296608,0.030137136578559875,0.029957756400108337,0.02940216287970543,0.028988191857933998,0.028762027621269226,0.028434960171580315,0.027866913005709648,0.02804199978709221,0.02746090292930603,0.027944982051849365,0.02717180736362934,0.027448439970612526,0.026630949229002,0.027009116485714912,0.0268139336258173,0.02653658017516136,0.026639310643076897,0.026716744527220726,0.026097390800714493,0.026416217908263206,0.026193562895059586,0.026121633127331734,0.026153704151511192,0.02595553733408451,0.025661872699856758,0.025873754173517227,0.0259446669369936,0.0255088210105896,0.025725800544023514,0.025551145896315575,0.02563929371535778,0.025118907913565636,0.025149308145046234,0.025224504992365837,0.025430498644709587,0.02506948448717594,0.02473921701312065,0.025185853242874146,0.025170844048261642,0.024075236171483994,0.02374284714460373,0.02368554286658764,0.023721830919384956,0.023677736520767212,0.023606305941939354,0.023595869541168213,0.02344195917248726,0.023545915260910988,0.023463157936930656,0.02340209297835827,0.02328638918697834,0.0233899112790823,0.023351391777396202,0.023337896913290024,0.02335907332599163,0.023001447319984436,0.022956499829888344,0.022906098514795303,0.022979458793997765,0.02285303734242916,0.022884657606482506,0.022847415879368782,0.022826876491308212,0.02283015102148056,0.022826679050922394,0.022807667031884193,0.022775227203965187,0.02269303984940052,0.022647639736533165,0.022651873528957367,0.022625241428613663,0.022636456415057182,0.022637318819761276,0.022635433822870255,0.02260114625096321,0.02261214517056942,0.022616755217313766,0.02257104404270649,0.022580131888389587,0.02256622165441513,0.02257673628628254,0.022556966170668602,0.022574396803975105,0.0225567314773798,0.0225130096077919","0.2992926239967346,0.1496632993221283,0.09802881628274918,0.07550755888223648,0.05660700052976608,0.0602521188557148,0.04492802545428276,0.040679264813661575,0.04209866747260094,0.035695213824510574,0.04037515074014664,0.04317395016551018,0.03078862838447094,0.040263865143060684,0.03683726117014885,0.029583875089883804,0.028907809406518936,0.030456973239779472,0.0350915901362896,0.03823418915271759,0.032339610159397125,0.029326217249035835,0.027378493919968605,0.027891049161553383,0.03105887584388256,0.03131849691271782,0.026625683531165123,0.031148850917816162,0.030154062435030937,0.03174810856580734,0.02541329339146614,0.030848300084471703,0.02700180560350418,0.024435024708509445,0.031893398612737656,0.03008785843849182,0.02646115981042385,0.029406273737549782,0.0336974561214447,0.02831653691828251,0.026047319173812866,0.024484975263476372,0.026838423684239388,0.023691968992352486,0.031627535820007324,0.029403511434793472,0.02514258213341236,0.024965384975075722,0.025524985045194626,0.026106229051947594,0.023963864892721176,0.02869628556072712,0.036111969500780106,0.036266107112169266,0.025044206529855728,0.02334493212401867,0.032374851405620575,0.025018952786922455,0.02330574207007885,0.022058237344026566,0.02279997244477272,0.02400115877389908,0.026214763522148132,0.023701323196291924,0.022320087999105453,0.02393469214439392,0.021975193172693253,0.02239491231739521,0.02225123532116413,0.023244531825184822,0.022230498492717743,0.02150181494653225,0.023124687373638153,0.02195955440402031,0.02375929243862629,0.021702921018004417,0.021666578948497772,0.02173115499317646,0.022041235119104385,0.021752234548330307,0.02172720804810524,0.021494248881936073,0.021572193130850792,0.021396378055214882,0.021512456238269806,0.021314270794391632,0.021525617688894272,0.021290848031640053,0.021305259317159653,0.02150353044271469,0.02170240320265293,0.021373938769102097,0.021340252831578255,0.021287983283400536,0.021261971443891525,0.021337637677788734,0.02171838842332363,0.021713780239224434,0.02126935124397278,0.021248316392302513"
32,32,32,2048,adam,0.024580616503953934,0.09931804239749908,30.1093560145808,"0.8097042441368103,0.4196797013282776,0.25881481170654297,0.1829027682542801,0.13176989555358887,0.09892654418945312,0.07844262570142746,0.06645742058753967,0.05864924192428589,0.05339165776968002,0.049272555857896805,0.04570199176669121,0.04314407333731651,0.040495049208402634,0.03839235380291939,0.03677542880177498,0.03506987914443016,0.03403947874903679,0.032630469650030136,0.03159865736961365,0.031048443168401718,0.030844401568174362,0.02956206351518631,0.029062198475003242,0.028632329776883125,0.028220271691679955,0.028114471584558487,0.028229618445038795,0.028035705909132957,0.027208002284169197,0.027043553069233894,0.02690637670457363,0.0267160777002573,0.02667768858373165,0.026406094431877136,0.02604050748050213,0.025801489129662514,0.02590692974627018,0.025757208466529846,0.02540668472647667,0.02571568824350834,0.025877682492136955,0.025234704837203026,0.02510855719447136,0.026614893227815628,0.025080790743231773,0.024770177900791168,0.02512635663151741,0.02478431910276413,0.0245355237275362,0.024421967566013336,0.024261416867375374,0.02432599849998951,0.02428930066525936,0.02414032816886902,0.02401643991470337,0.023932630196213722,0.023940308019518852,0.02400452271103859,0.024195905774831772,0.02405685931444168,0.023875311017036438,0.023695480078458786,0.0235530287027359,0.02360645681619644,0.023741060867905617,0.023602131754159927,0.023457445204257965,0.024246899411082268,0.023815728724002838,0.023908311501145363,0.023357253521680832,0.023132354021072388,0.0232261810451746,0.02315804362297058,0.02307494543492794,0.023449521511793137,0.023150764405727386,0.02342827618122101,0.022855382412672043,0.02299574762582779,0.02300935797393322,0.02341817505657673,0.02294659987092018,0.022980403155088425,0.022947633638978004,0.022693123668432236,0.02261625975370407,0.022557279095053673,0.02265467680990696,0.02293420024216175,0.02295028790831566,0.022586764767766,0.022469282150268555,0.02287946455180645,0.0231159795075655,0.02274009957909584,0.022599274292588234,0.02243291586637497,0.022369127720594406","0.5564884543418884,0.31428414583206177,0.22043602168560028,0.15811195969581604,0.11822141706943512,0.09113054722547531,0.07434853166341782,0.06425367295742035,0.057950209826231,0.05218411237001419,0.04876542463898659,0.04503894969820976,0.04205245152115822,0.039784740656614304,0.03731285408139229,0.0354321226477623,0.034447766840457916,0.03289677947759628,0.031685225665569305,0.030379336327314377,0.030603673309087753,0.029155440628528595,0.028636543080210686,0.027887307107448578,0.027410808950662613,0.0271652489900589,0.02750588022172451,0.026823285967111588,0.026652351021766663,0.025905879214406013,0.025669418275356293,0.025544652715325356,0.025395827367901802,0.02498089149594307,0.025141499936580658,0.024854285642504692,0.024571510031819344,0.02460670657455921,0.024306338280439377,0.024528751149773598,0.024491239339113235,0.024168090894818306,0.024348724633455276,0.02564205788075924,0.02469370886683464,0.023822668939828873,0.02372860163450241,0.023417459800839424,0.02360309474170208,0.023147646337747574,0.023188499733805656,0.023084666579961777,0.023367788642644882,0.0231377724558115,0.022895904257893562,0.02278178557753563,0.02282041124999523,0.02290756069123745,0.02301221713423729,0.02319643460214138,0.023087752982974052,0.02270970493555069,0.02264449931681156,0.022319409996271133,0.02257479727268219,0.02240132726728916,0.022596923634409904,0.022944172844290733,0.022746585309505463,0.02343342825770378,0.0225309319794178,0.022212572395801544,0.02201799303293228,0.022014634683728218,0.021818747743964195,0.022155622020363808,0.02194707654416561,0.0229303278028965,0.021840039640665054,0.021553080528974533,0.022196471691131592,0.02171897329390049,0.022261258214712143,0.021798210218548775,0.021674545481801033,0.021531319245696068,0.021310463547706604,0.021619031205773354,0.021783921867609024,0.022111227735877037,0.023190191015601158,0.022468145936727524,0.02157394401729107,0.02229832485318184,0.022982722148299217,0.02274063415825367,0.021652698516845703,0.021473534405231476,0.021413886919617653,0.021258177235722542"
128,64,16,512,rmsprop,0.02035132236778736,0.09058079123497009,34.60510328068044,"0.21612194180488586,0.055517178028821945,0.045842111110687256,0.04129500687122345,0.037442587316036224,0.03591638430953026,0.03465024009346962,0.0328051783144474,0.03203022480010986,0.03146340325474739,0.03063373640179634,0.02983640506863594,0.028938263654708862,0.02929418347775936,0.028165286406874657,0.02830263040959835,0.027734026312828064,0.02789388783276081,0.027601849287748337,0.0266647320240736,0.02688281610608101,0.026379454880952835,0.026332849636673927,0.026060830801725388,0.02613300457596779,0.026182813569903374,0.025470014661550522,0.02521883323788643,0.025523878633975983,0.021712562069296837,0.021715326234698296,0.02153090201318264,0.02164287306368351,0.021261941641569138,0.021230263635516167,0.021288186311721802,0.021208692342042923,0.02110317163169384,0.021224627271294594,0.021051080897450447,0.021024834364652634,0.021173125132918358,0.0208464115858078,0.020851371809840202,0.02085476741194725,0.020874187350273132,0.020846286788582802,0.02070564776659012,0.0208341833204031,0.01991567760705948,0.019696597009897232,0.019732153043150902,0.01958746649324894,0.01962115243077278,0.01968616619706154,0.019561199471354485,0.019506676122546196,0.01944996789097786,0.01953829638659954,0.019458118826150894,0.019464215263724327,0.019583817571401596,0.019401393830776215,0.019383128732442856,0.019391817972064018,0.019365647807717323,0.019047847017645836,0.01903422363102436,0.018960826098918915,0.019017525017261505,0.018941115587949753,0.018983883783221245,0.018975544720888138,0.018941614776849747,0.01889960654079914,0.01890704594552517,0.01892048679292202,0.018790915608406067,0.01875712163746357,0.018740512430667877,0.01874740794301033,0.018739962950348854,0.018718963488936424,0.01870841346681118,0.018705489113926888,0.018675344064831734,0.01870092563331127,0.01867891289293766,0.018644440919160843,0.018626751378178596,0.018625546246767044,0.018623298034071922,0.018615415319800377,0.018613750115036964,0.018608221784234047,0.018602224066853523,0.018591515719890594,0.018601248040795326,0.01859518326818943,0.01859305053949356","0.06948495656251907,0.057258713990449905,0.0791773721575737,0.03502825275063515,0.04839266836643219,0.03783577308058739,0.033011749386787415,0.02726219967007637,0.04064639285206795,0.04038030281662941,0.02971656620502472,0.029470067471265793,0.04916204512119293,0.024005074054002762,0.049576710909605026,0.0316542312502861,0.027165763080120087,0.04839850589632988,0.021825410425662994,0.03007795847952366,0.02956930547952652,0.0468207523226738,0.04691239446401596,0.030045850202441216,0.026959730312228203,0.02246592752635479,0.03149460256099701,0.025455739349126816,0.042647700756788254,0.0211337860673666,0.02523276023566723,0.019948316738009453,0.02436685562133789,0.023794889450073242,0.025487396866083145,0.022521771490573883,0.026743123307824135,0.019352247938513756,0.019023805856704712,0.02331463433802128,0.02279948629438877,0.020096685737371445,0.022472212091088295,0.01926877535879612,0.02132120169699192,0.020679930225014687,0.01979733631014824,0.020452383905649185,0.022963667288422585,0.021768301725387573,0.018797576427459717,0.019034309312701225,0.019377117976546288,0.02288823202252388,0.020391404628753662,0.018379680812358856,0.018921175971627235,0.022590328007936478,0.019249776378273964,0.02068878337740898,0.02344621531665325,0.018894385546445847,0.019227590411901474,0.019924944266676903,0.01943342573940754,0.018488695845007896,0.018012743443250656,0.01802542805671692,0.018580816686153412,0.01810578629374504,0.018003279343247414,0.018879177048802376,0.01825321838259697,0.01833902858197689,0.018166830763220787,0.01801471784710884,0.01807059347629547,0.017821265384554863,0.017797941341996193,0.01783602684736252,0.017860759049654007,0.0181557759642601,0.018012864515185356,0.01782374456524849,0.01775496080517769,0.018001137301325798,0.018116476014256477,0.017829451709985733,0.017849648371338844,0.017801381647586823,0.01776287518441677,0.01772168278694153,0.017802385613322258,0.017735306173563004,0.017729222774505615,0.017800908535718918,0.017759378999471664,0.01770475134253502,0.01775428280234337,0.017814502120018005"
32,64,16,1024,adam,0.022686714306473732,0.0957801342010498,32.636695018226,"0.7042033076286316,0.2280522733926773,0.11514803022146225,0.0716710165143013,0.05264762416481972,0.04346088692545891,0.038559045642614365,0.035462960600852966,0.03343000262975693,0.032252341508865356,0.030382875353097916,0.029728353023529053,0.028909897431731224,0.02908990904688835,0.027772268280386925,0.027259761467576027,0.027106061577796936,0.026700641959905624,0.026356378570199013,0.026257721707224846,0.02552369423210621,0.025571748614311218,0.025182873010635376,0.025062832981348038,0.02522718720138073,0.026432529091835022,0.024766704067587852,0.025186093524098396,0.024413298815488815,0.024093294516205788,0.025040820240974426,0.024121467024087906,0.02430310845375061,0.02376011200249195,0.023802056908607483,0.023528367280960083,0.023601043969392776,0.02329987660050392,0.023198965936899185,0.023888083174824715,0.024173155426979065,0.02362222597002983,0.022915691137313843,0.02314302884042263,0.022877758368849754,0.023038232699036598,0.022953243926167488,0.022935617715120316,0.02264142408967018,0.022416893392801285,0.022436335682868958,0.022311890497803688,0.022515544667840004,0.02248992770910263,0.023215405642986298,0.022094987332820892,0.02216767705976963,0.022036252543330193,0.022072037681937218,0.022430626675486565,0.021871812641620636,0.02220245823264122,0.021857813000679016,0.021747997030615807,0.021670881658792496,0.02159396931529045,0.021649008616805077,0.021863186731934547,0.022210439667105675,0.021382641047239304,0.02145344577729702,0.021589409559965134,0.021519897505640984,0.021452168002724648,0.021715933457016945,0.02143002487719059,0.021223800256848335,0.021168826147913933,0.0210245493799448,0.021359270438551903,0.020893489941954613,0.0211382657289505,0.02098921500146389,0.02085229568183422,0.020890099927783012,0.020803822204470634,0.020984750241041183,0.021086959168314934,0.021768566220998764,0.020996445789933205,0.020642053335905075,0.020686252042651176,0.02078474499285221,0.020680680871009827,0.020665789023041725,0.020288072526454926,0.0205222237855196,0.02079533040523529,0.021000036969780922,0.020509744063019753","0.353207528591156,0.15684963762760162,0.090389683842659,0.06184936314821243,0.048690296709537506,0.04106516391038895,0.03664739802479744,0.03402455523610115,0.0317608006298542,0.029920067638158798,0.02915249764919281,0.027800610288977623,0.028198309242725372,0.027187198400497437,0.026286683976650238,0.025974348187446594,0.025407865643501282,0.02521638758480549,0.024887386709451675,0.024455660954117775,0.023915765807032585,0.024294938892126083,0.024013521149754524,0.024757176637649536,0.027159379795193672,0.02473461627960205,0.023557988926768303,0.024257833138108253,0.02304793894290924,0.02346828207373619,0.02335856296122074,0.022616896778345108,0.02256319485604763,0.022233981639146805,0.02243976667523384,0.0238729827105999,0.022199204191565514,0.022218191996216774,0.024201814085245132,0.023348882794380188,0.02372559905052185,0.021842828020453453,0.021795105189085007,0.02157452516257763,0.022006496787071228,0.021219966933131218,0.021536702290177345,0.021372806280851364,0.021298600360751152,0.021122362464666367,0.021477608010172844,0.021578960120677948,0.021146399900317192,0.022469688206911087,0.02094193547964096,0.021133318543434143,0.021390967071056366,0.02112199366092682,0.021418221294879913,0.02097150683403015,0.020904207602143288,0.020798753947019577,0.020912377163767815,0.020760787650942802,0.020717592909932137,0.02065439149737358,0.022013435140252113,0.021434342488646507,0.020571289584040642,0.02031753584742546,0.02022653818130493,0.020512903109192848,0.02059168741106987,0.020436402410268784,0.020861085504293442,0.02072547748684883,0.02037724107503891,0.02046913653612137,0.021139513701200485,0.020167365670204163,0.02016104757785797,0.020510558038949966,0.02030571736395359,0.020491959527134895,0.02010352909564972,0.02027253992855549,0.021343670785427094,0.02202160842716694,0.02061808668076992,0.01969163678586483,0.020690714940428734,0.02060464769601822,0.020743435248732567,0.02013709396123886,0.01972321979701519,0.02025795169174671,0.019915403798222542,0.022718695923686028,0.020355205982923508,0.020445993170142174"
128,16,N/A,512,rmsprop,0.02348695881664753,0.09605869650840759,33.00121506682868,"0.3003326952457428,0.08151579648256302,0.0536460354924202,0.04387050122022629,0.038556307554244995,0.03551885858178139,0.03319018706679344,0.03209882602095604,0.030768441036343575,0.030492333695292473,0.029153743758797646,0.02918299287557602,0.028063606470823288,0.02833440713584423,0.02799101360142231,0.02738153003156185,0.027445513755083084,0.027063550427556038,0.027174586430191994,0.026714198291301727,0.026560617610812187,0.026679305359721184,0.02601262554526329,0.02632029913365841,0.026241019368171692,0.025866610929369926,0.026120774447917938,0.025551697239279747,0.025624800473451614,0.025600716471672058,0.025632323697209358,0.02549823746085167,0.025302035734057426,0.02542984113097191,0.025206129997968674,0.022860273718833923,0.023058827966451645,0.022888561710715294,0.022826459258794785,0.022798871621489525,0.022821618244051933,0.02278687059879303,0.022712502628564835,0.022594626992940903,0.022643601521849632,0.022604549303650856,0.022098051384091377,0.021978652104735374,0.021953891962766647,0.021888261660933495,0.02193453535437584,0.02188316360116005,0.021887844428420067,0.02187259867787361,0.021786903962492943,0.021816961467266083,0.0218184944242239,0.021766213700175285,0.02174607664346695,0.021714404225349426,0.021684857085347176,0.021688193082809448,0.0216379314661026,0.021720681339502335,0.021639462560415268,0.021634485572576523,0.02160274051129818,0.021415017545223236,0.02138027362525463,0.021373657509684563,0.02136410027742386,0.021353567019104958,0.02133423089981079,0.021324127912521362,0.021361155435442924,0.021303534507751465,0.021287091076374054,0.021282192319631577,0.021219726651906967,0.02120926044881344,0.021180661395192146,0.0211959108710289,0.02119329199194908,0.021166348829865456,0.021170800551772118,0.021155450493097305,0.02115226909518242,0.021163497120141983,0.021137893199920654,0.02113918960094452,0.02110505849123001,0.02109074778854847,0.02109614945948124,0.02108979970216751,0.02108602784574032,0.021081993356347084,0.021081803366541862,0.02107939124107361,0.021083036437630653,0.02106674574315548","0.1305818259716034,0.08258720487356186,0.04869541898369789,0.0475788339972496,0.0495745949447155,0.039888057857751846,0.050101764500141144,0.04422670975327492,0.034774668514728546,0.029580648988485336,0.0359797477722168,0.03877897188067436,0.03243866190314293,0.026243845000863075,0.03224647790193558,0.026416819542646408,0.029516519978642464,0.03129200264811516,0.02375009097158909,0.023707406595349312,0.02688058465719223,0.02953914739191532,0.041756413877010345,0.024587357416749,0.022944269701838493,0.023498624563217163,0.026651334017515182,0.026752406731247902,0.03503325581550598,0.04151071980595589,0.02292022667825222,0.0279488917440176,0.024213984608650208,0.025942547246813774,0.022866619750857353,0.021264970302581787,0.022681986913084984,0.023228710517287254,0.024419836699962616,0.027079304680228233,0.02134750410914421,0.02216167189180851,0.022362252697348595,0.02299502305686474,0.023439280688762665,0.024625875055789948,0.02149028144776821,0.021271392703056335,0.021165883168578148,0.024240165948867798,0.021139593794941902,0.021918658167123795,0.020771857351064682,0.022176025435328484,0.02128191851079464,0.023956064134836197,0.020469985902309418,0.021330729126930237,0.020592430606484413,0.020903997123241425,0.02079181745648384,0.021229930222034454,0.02083314023911953,0.021074946969747543,0.021231170743703842,0.020978620275855064,0.02186943218111992,0.02015417441725731,0.020305871963500977,0.02029108628630638,0.020282819867134094,0.020262960344552994,0.020387111231684685,0.020543217658996582,0.02031417191028595,0.02045474573969841,0.02012045867741108,0.02016616240143776,0.020419301465153694,0.019990388303995132,0.019937794655561447,0.020386317744851112,0.020023031160235405,0.02012350782752037,0.02001633681356907,0.020089292898774147,0.020166201516985893,0.020022254437208176,0.019999951124191284,0.020027443766593933,0.019918691366910934,0.01990446448326111,0.019944272935390472,0.01993708126246929,0.019906384870409966,0.019897030666470528,0.01992040127515793,0.019946662709116936,0.019933365285396576,0.019932223483920097"
64,32,16,512,adam,0.021076800301671028,0.09404296427965164,32.83110571081409,"0.5445321202278137,0.13809186220169067,0.057498782873153687,0.04091861471533775,0.033922385424375534,0.0304599329829216,0.0290900357067585,0.027915777638554573,0.026617195457220078,0.02614162489771843,0.025462018325924873,0.02502642199397087,0.025727402418851852,0.02477968856692314,0.02444365620613098,0.02415595017373562,0.024236898869276047,0.023842917755246162,0.023722324520349503,0.023887595161795616,0.023577187210321426,0.023408452048897743,0.023140618577599525,0.02325906790792942,0.023088863119482994,0.02310541644692421,0.023678448051214218,0.02260712906718254,0.022794868797063828,0.02258247509598732,0.022609546780586243,0.02255043014883995,0.02277030237019062,0.02254479192197323,0.02232789807021618,0.022524835541844368,0.021987978368997574,0.022199787199497223,0.022422948852181435,0.021633191034197807,0.021889174357056618,0.021989772096276283,0.022191625088453293,0.021651433780789375,0.021606221795082092,0.021714933216571808,0.022621484473347664,0.021368123590946198,0.02197159081697464,0.021609533578157425,0.02110423520207405,0.02089468017220497,0.020921455696225166,0.020868072286248207,0.02084062620997429,0.020981399342417717,0.020772963762283325,0.020845556631684303,0.020904742181301117,0.020840149372816086,0.020772015675902367,0.02053452841937542,0.020569896325469017,0.020577233284711838,0.020556993782520294,0.02059818245470524,0.02039048634469509,0.020321331918239594,0.020277908071875572,0.02033514715731144,0.02030394785106182,0.020247938111424446,0.020328903570771217,0.02029162272810936,0.02024777978658676,0.020246250554919243,0.020217394456267357,0.020054221153259277,0.020056527107954025,0.020008401945233345,0.02006225660443306,0.02011198364198208,0.020038459450006485,0.019991116598248482,0.0200548954308033,0.019994866102933884,0.01998184248805046,0.01997987926006317,0.01996167190372944,0.019907508045434952,0.019858507439494133,0.019894685596227646,0.019881730899214745,0.019867975264787674,0.019869813695549965,0.019877152517437935,0.01986922137439251,0.019872019067406654,0.019861416891217232,0.019875893369317055","0.263727605342865,0.08098414540290833,0.049144625663757324,0.037218127399683,0.031593888998031616,0.02942456118762493,0.02834509313106537,0.026464097201824188,0.02612750604748726,0.025893576443195343,0.02448849007487297,0.02436349168419838,0.026226181536912918,0.02334757335484028,0.023370815441012383,0.02429068647325039,0.022996345534920692,0.022234519943594933,0.022781969979405403,0.02271832339465618,0.021772073581814766,0.02193908579647541,0.02142488770186901,0.022721467539668083,0.02225370891392231,0.028643202036619186,0.02237417735159397,0.02172726020216942,0.021218080073595047,0.021569041535258293,0.02233354188501835,0.021932749077677727,0.020898040384054184,0.021882526576519012,0.02312530390918255,0.020936792716383934,0.021164029836654663,0.020177830010652542,0.020165467634797096,0.019774502143263817,0.02017696388065815,0.020617952570319176,0.019975056871771812,0.020270805805921555,0.020651649683713913,0.02831849455833435,0.019950255751609802,0.020951975136995316,0.020370621234178543,0.02048463188111782,0.019583599641919136,0.019377052783966064,0.01946357451379299,0.019413914531469345,0.019367069005966187,0.01911482773721218,0.019457941874861717,0.019466672092676163,0.019332170486450195,0.01992691494524479,0.019466837868094444,0.019273381680250168,0.01952824741601944,0.019172469154000282,0.019182151183485985,0.019648823887109756,0.018954915925860405,0.019160516560077667,0.019260285422205925,0.01908223144710064,0.018904760479927063,0.01921685039997101,0.019044676795601845,0.019207781180739403,0.019013579934835434,0.019151512533426285,0.018948882818222046,0.01887626387178898,0.018771013244986534,0.01877293549478054,0.01890084519982338,0.018881142139434814,0.018785914406180382,0.018963776528835297,0.01891395077109337,0.018769005313515663,0.018743935972452164,0.0187656432390213,0.01876230165362358,0.018698574975132942,0.018744731321930885,0.018725428730249405,0.01870115101337433,0.018685156479477882,0.01872881129384041,0.018653424456715584,0.018799465149641037,0.018724078312516212,0.018674738705158234,0.01878831349313259"
64,16,32,2048,rmsprop,0.02496560476720333,0.10009656101465225,30.959902794653704,"0.7219270467758179,0.3560314476490021,0.19435858726501465,0.11489111930131912,0.08027656376361847,0.06346184760332108,0.05555276200175285,0.05016645789146423,0.04730351269245148,0.044619373977184296,0.041025515645742416,0.042669568210840225,0.03921327367424965,0.03886827826499939,0.035001300275325775,0.03703521192073822,0.03507957234978676,0.03577302023768425,0.03456132486462593,0.0341561995446682,0.033569227904081345,0.03315720707178116,0.03276042640209198,0.033037420362234116,0.03208567202091217,0.03196483477950096,0.03144458308815956,0.03220539912581444,0.02995261922478676,0.03243933990597725,0.030521508306264877,0.030642332509160042,0.031162580475211143,0.030572589486837387,0.02991483174264431,0.029695633798837662,0.030015340074896812,0.02977750450372696,0.029541902244091034,0.029415173456072807,0.02988831140100956,0.02887633442878723,0.028029916808009148,0.029910016804933548,0.029285574331879616,0.02979346178472042,0.028675777837634087,0.02877844125032425,0.02860013023018837,0.028239794075489044,0.02869011089205742,0.028509601950645447,0.02852402813732624,0.028593627735972404,0.027725260704755783,0.02882017008960247,0.02791275642812252,0.028565242886543274,0.02789565548300743,0.02879977412521839,0.02808249741792679,0.027654699981212616,0.024344582110643387,0.025320928543806076,0.02516753412783146,0.024881085380911827,0.025046637281775475,0.025005433708429337,0.024594398215413094,0.02509203925728798,0.02449597790837288,0.02487473003566265,0.024921964854002,0.024675277993083,0.02440953068435192,0.02451646327972412,0.02521422877907753,0.024305138736963272,0.02477080002427101,0.024591345340013504,0.024639803916215897,0.024338262155652046,0.02432371862232685,0.024334097281098366,0.024460460990667343,0.024207914248108864,0.02443653903901577,0.024421196430921555,0.02437492460012436,0.02427128329873085,0.024202972650527954,0.024223418906331062,0.02361321449279785,0.02359110303223133,0.023628810420632362,0.023535095155239105,0.023474562913179398,0.023489082232117653,0.023484332486987114,0.023400789126753807","0.4817427396774292,0.25842374563217163,0.15009205043315887,0.10432824492454529,0.0769057646393776,0.05708615481853485,0.05084579065442085,0.04789293184876442,0.04510874301195145,0.07167062163352966,0.06793198734521866,0.03649366274476051,0.04012854024767876,0.04734629765152931,0.0410921610891819,0.056318074464797974,0.042520921677351,0.03443038463592529,0.04214844852685928,0.040596913546323776,0.032013241201639175,0.030407223850488663,0.031127991154789925,0.02981133572757244,0.030409306287765503,0.03139186277985573,0.034418512135744095,0.03667677566409111,0.03511189669370651,0.03119809925556183,0.028402047231793404,0.029953667894005775,0.02800295688211918,0.027860477566719055,0.030148927122354507,0.0327538326382637,0.02866867557168007,0.03395341336727142,0.029101291671395302,0.03201055899262428,0.025522304698824883,0.03375278413295746,0.03709635138511658,0.030261175706982613,0.032348278909921646,0.027685903012752533,0.024666864424943924,0.0291450098156929,0.026545999571681023,0.02474900707602501,0.03487833961844444,0.024469783529639244,0.02997545152902603,0.024888131767511368,0.02772759273648262,0.03073258139193058,0.028734417632222176,0.04469560459256172,0.032870326191186905,0.02683446742594242,0.02542019635438919,0.02478669583797455,0.027511153370141983,0.026868030428886414,0.02369469776749611,0.02473013661801815,0.026789028197526932,0.02330537885427475,0.02677725814282894,0.0310008954256773,0.022925544530153275,0.024504130706191063,0.023547030985355377,0.026157502084970474,0.02713197097182274,0.04079055041074753,0.023033440113067627,0.025022342801094055,0.029126150533556938,0.026298008859157562,0.022601353004574776,0.025382807478308678,0.02373010851442814,0.023347988724708557,0.030969683080911636,0.024986520409584045,0.029071779921650887,0.023139314725995064,0.03299509733915329,0.030042467638850212,0.02998870611190796,0.02360953576862812,0.02383858896791935,0.02630792185664177,0.024424545466899872,0.022169483825564384,0.022385627031326294,0.021832535043358803,0.023732392117381096,0.022307856008410454"
32,16,32,1024,adam,0.025003919377923012,0.10037001967430115,30.86269744835966,"0.8369473218917847,0.42887362837791443,0.21361446380615234,0.10842471569776535,0.0694822371006012,0.05517963692545891,0.04770360887050629,0.042217057198286057,0.038736868649721146,0.03593068569898605,0.03386741504073143,0.032356563955545425,0.03104495070874691,0.030085133388638496,0.02919548563659191,0.028848987072706223,0.028163375332951546,0.027814378961920738,0.027256567031145096,0.027028948068618774,0.026559973135590553,0.026782609522342682,0.02797248214483261,0.026319196447730064,0.025996116921305656,0.025917593389749527,0.025436267256736755,0.025347154587507248,0.025556083768606186,0.0252126082777977,0.02519235946238041,0.024917446076869965,0.024757051840424538,0.024585265666246414,0.025412505492568016,0.02447180449962616,0.02455553598701954,0.024416925385594368,0.024479692801833153,0.02453899197280407,0.02416219748556614,0.024160483852028847,0.024748390540480614,0.024113547056913376,0.024278970435261726,0.023889746516942978,0.024301869794726372,0.023884426802396774,0.023728031665086746,0.023683538660407066,0.02378564327955246,0.023654304444789886,0.0234978049993515,0.023602697998285294,0.025104161351919174,0.023798031732439995,0.02356780134141445,0.023670587688684464,0.02363727055490017,0.023184100165963173,0.023201188072562218,0.023117994889616966,0.023510966449975967,0.023154865950345993,0.022999253123998642,0.023254599422216415,0.023084154352545738,0.02314123511314392,0.023102326318621635,0.02298763394355774,0.02301853895187378,0.022937897592782974,0.02296294830739498,0.022863544523715973,0.023193469271063805,0.02277339994907379,0.023004403337836266,0.02291550301015377,0.022801917046308517,0.022806286811828613,0.022822799161076546,0.022720346227288246,0.02287283167243004,0.022711709141731262,0.022560132667422295,0.022579168900847435,0.022553106769919395,0.022599652409553528,0.022583840414881706,0.02255113795399666,0.02251850627362728,0.0226526390761137,0.022576244547963142,0.022552303969860077,0.022563444450497627,0.022566530853509903,0.02244168519973755,0.02243988774716854,0.02247031405568123,0.022556118667125702","0.6002265810966492,0.2952742874622345,0.14814968407154083,0.0839194506406784,0.06137056648731232,0.05176364630460739,0.04464668408036232,0.0397658571600914,0.036927640438079834,0.033679280430078506,0.031518176198005676,0.030240647494792938,0.029455149546265602,0.02796468324959278,0.02875385247170925,0.026879116892814636,0.02640094980597496,0.02576947957277298,0.025884483009576797,0.025348104536533356,0.025360172614455223,0.02796757034957409,0.02569483406841755,0.024741560220718384,0.02491963654756546,0.0242605023086071,0.024485981091856956,0.023840108886361122,0.02366279996931553,0.024374671280384064,0.023866599425673485,0.023420551791787148,0.02378680743277073,0.02407558634877205,0.023107390850782394,0.0234177578240633,0.02309875562787056,0.023389281705021858,0.024098407477140427,0.022880297154188156,0.023032626137137413,0.024164898321032524,0.02321334183216095,0.024476774036884308,0.022474514320492744,0.023246288299560547,0.022554857656359673,0.022357609122991562,0.022296179085969925,0.022746603935956955,0.022629614919424057,0.022342434152960777,0.022402025759220123,0.024734796956181526,0.022631671279668808,0.022426750510931015,0.022650379687547684,0.023483291268348694,0.02186170220375061,0.022112291306257248,0.02215091697871685,0.022466158494353294,0.022128360345959663,0.0219426266849041,0.02216581255197525,0.0216404739767313,0.022435560822486877,0.02165992185473442,0.021856339648365974,0.0216585211455822,0.021942881867289543,0.02206520177423954,0.021470721811056137,0.021894264966249466,0.021413080394268036,0.021786093711853027,0.021670052781701088,0.021903224289417267,0.021499011665582657,0.021730853244662285,0.02164929360151291,0.022323010489344597,0.02186189405620098,0.021579120308160782,0.021471558138728142,0.021344207227230072,0.021429624408483505,0.02129368670284748,0.02127370424568653,0.021349934861063957,0.021372606977820396,0.021474188193678856,0.021355994045734406,0.02129490114748478,0.021287161856889725,0.02131236158311367,0.021328501403331757,0.021255776286125183,0.021495245397090912,0.021310964599251747"
128,16,N/A,2048,adam,0.024063942953944206,0.09757092595100403,31.713244228432565,"0.8104389309883118,0.3344844877719879,0.2046985626220703,0.1326831579208374,0.09292829781770706,0.07307856529951096,0.06388029456138611,0.05601872503757477,0.0510103739798069,0.047025423496961594,0.04397093877196312,0.04149075224995613,0.039238229393959045,0.03782843053340912,0.03652019426226616,0.03545380011200905,0.033950675278902054,0.032913774251937866,0.03188489377498627,0.031065350398421288,0.03253800421953201,0.030385315418243408,0.029497524723410606,0.029125303030014038,0.02876514196395874,0.028433386236429214,0.028432877734303474,0.028226161375641823,0.027477223426103592,0.027337800711393356,0.026993392035365105,0.027236642315983772,0.02678832784295082,0.0266789048910141,0.02659175544977188,0.02687074989080429,0.026088230311870575,0.026023318991065025,0.025905029848217964,0.025504544377326965,0.025501955300569534,0.02583993971347809,0.02537824958562851,0.025410819798707962,0.025132451206445694,0.025633014738559723,0.024961911141872406,0.024800345301628113,0.024828573688864708,0.0248886588960886,0.02467486634850502,0.024822792038321495,0.02439628541469574,0.024555280804634094,0.024684002622961998,0.024390656501054764,0.024219287559390068,0.024108823388814926,0.027666665613651276,0.024868568405508995,0.024423759430646896,0.024114472791552544,0.024701418355107307,0.024094704538583755,0.023761745542287827,0.023795094341039658,0.023621218279004097,0.024618349969387054,0.024889295920729637,0.02407022751867771,0.023548658937215805,0.02356875315308571,0.023670243099331856,0.02359115704894066,0.023149462416768074,0.023199334740638733,0.023059168830513954,0.023386187851428986,0.02342846803367138,0.02341659925878048,0.02306300774216652,0.02306085079908371,0.02309425361454487,0.023925799876451492,0.02308051288127899,0.023094460368156433,0.02306068316102028,0.022844253107905388,0.02306334488093853,0.023236867040395737,0.02307434193789959,0.022780731320381165,0.022631263360381126,0.022692706435918808,0.02292468585073948,0.022634189575910568,0.022621208801865578,0.022704876959323883,0.023088347166776657,0.023487037047743797","0.48764726519584656,0.24437549710273743,0.16542789340019226,0.11143164336681366,0.08339598774909973,0.07048507779836655,0.0614008866250515,0.054694581776857376,0.05016056075692177,0.046291399747133255,0.04380027577280998,0.04040870442986488,0.038779135793447495,0.03756946697831154,0.03521024063229561,0.0350165069103241,0.03303534537553787,0.03176533058285713,0.03114890493452549,0.032247982919216156,0.03090931847691536,0.029074911028146744,0.028539208695292473,0.02830672822892666,0.02796587347984314,0.02795269899070263,0.027249397709965706,0.026955420151352882,0.0268232524394989,0.02615821361541748,0.02623586542904377,0.02591576799750328,0.0259395819157362,0.025728188455104828,0.02544700726866722,0.02520950697362423,0.024758154526352882,0.02519512176513672,0.024375304579734802,0.024103721603751183,0.024511734023690224,0.024694135412573814,0.024188101291656494,0.023987410590052605,0.024380460381507874,0.024268120527267456,0.023437919095158577,0.023654943332076073,0.023368751630187035,0.023515354841947556,0.023478735238313675,0.023273026570677757,0.022979743778705597,0.023250222206115723,0.02297433279454708,0.022468825802206993,0.022666897624731064,0.0251188762485981,0.023189596831798553,0.023387352004647255,0.02279946394264698,0.02226896397769451,0.02235620655119419,0.022250574082136154,0.021951638162136078,0.021850140765309334,0.022579530254006386,0.021878311410546303,0.022797923535108566,0.022146809846162796,0.02258215844631195,0.02191990800201893,0.022272681817412376,0.02151131071150303,0.021735619753599167,0.02136828564107418,0.021590521559119225,0.022544262930750847,0.021765215322375298,0.02120000123977661,0.02137952670454979,0.02146700769662857,0.021628225222229958,0.021136607974767685,0.021635469049215317,0.021444085985422134,0.02109372802078724,0.021387478336691856,0.02231728844344616,0.02119564637541771,0.021248560398817062,0.02101566269993782,0.02099752053618431,0.021381545811891556,0.020798340439796448,0.02101301960647106,0.021688025444746017,0.02121010608971119,0.02236880548298359,0.02101723477244377"
64,32,N/A,512,adam,0.021364625543355942,0.09371466189622879,32.97691373025516,"0.49814021587371826,0.15350539982318878,0.0699496865272522,0.04969233646988869,0.040662702172994614,0.03587469831109047,0.0328657329082489,0.03088889643549919,0.029756734147667885,0.028613639995455742,0.02763058990240097,0.02709745243191719,0.02644406445324421,0.026180246844887733,0.02588539384305477,0.025324875488877296,0.025426531210541725,0.025021251291036606,0.02497708797454834,0.0244144294410944,0.024255847558379173,0.02421191893517971,0.023767245933413506,0.02387882024049759,0.024010974913835526,0.023819265887141228,0.024059230461716652,0.023616820573806763,0.02337782271206379,0.02314768359065056,0.023047590628266335,0.02299782820045948,0.023176809772849083,0.023050658404827118,0.022817177698016167,0.02289009466767311,0.02281218208372593,0.022586604580283165,0.02282211370766163,0.022439919412136078,0.022766796872019768,0.0226480420678854,0.022615093737840652,0.02296615019440651,0.022275295108556747,0.022611357271671295,0.022114576771855354,0.022137494757771492,0.02214594930410385,0.022109119221568108,0.021942682564258575,0.021950189024209976,0.021961785852909088,0.021916117519140244,0.02194896526634693,0.021971875801682472,0.021835505962371826,0.02171580120921135,0.021535048261284828,0.02167089842259884,0.021612809970974922,0.02135106362402439,0.021949874237179756,0.0214274600148201,0.02146303467452526,0.021545790135860443,0.021507030352950096,0.021292997524142265,0.020924212411046028,0.021005500108003616,0.020845454186201096,0.020792465656995773,0.020877834409475327,0.020853640511631966,0.020656036213040352,0.020719634369015694,0.020649464800953865,0.020654970780014992,0.020973827689886093,0.020743120461702347,0.020598536357283592,0.020643925294280052,0.02037079632282257,0.02053648978471756,0.02032206393778324,0.02039843425154686,0.020369654521346092,0.02036253549158573,0.020347721874713898,0.0203359704464674,0.020346367731690407,0.02030181512236595,0.020358676090836525,0.0203506238758564,0.020378053188323975,0.020302530378103256,0.02033974789083004,0.020419489592313766,0.02026149444282055,0.020137665793299675","0.26930201053619385,0.0960005521774292,0.05940832570195198,0.04572475329041481,0.03854116424918175,0.03417716547846794,0.0322594977915287,0.03033757396042347,0.02930392138659954,0.02824646420776844,0.02789708413183689,0.02625056356191635,0.026041990146040916,0.02552919276058674,0.02495393343269825,0.026572057977318764,0.026096994057297707,0.024562956765294075,0.02473958395421505,0.02362680435180664,0.023579394444823265,0.023753102868795395,0.02369552105665207,0.023325251415371895,0.02366979606449604,0.026060760021209717,0.02353532239794731,0.022967206314206123,0.02267013117671013,0.022711722180247307,0.022134777158498764,0.0237644724547863,0.022429926320910454,0.021955573931336403,0.02242252230644226,0.02210305817425251,0.021773643791675568,0.023795753717422485,0.021875333040952682,0.022866178303956985,0.021850954741239548,0.02106885425746441,0.02589126117527485,0.021702609956264496,0.02287433110177517,0.02167471870779991,0.021461518481373787,0.02137618325650692,0.02176102064549923,0.020922427996993065,0.02175082638859749,0.022166229784488678,0.02166338823735714,0.021224940195679665,0.022162357345223427,0.020831014961004257,0.023729778826236725,0.020537760108709335,0.02182011492550373,0.021145453676581383,0.02043965458869934,0.021959666162729263,0.020747646689414978,0.020514575764536858,0.021384818479418755,0.02057594619691372,0.021579861640930176,0.021031782031059265,0.02034101076424122,0.02030016854405403,0.019941087812185287,0.02036861889064312,0.020087558776140213,0.020264483988285065,0.020184502005577087,0.020183226093649864,0.020051512867212296,0.020112333819270134,0.020362507551908493,0.020688878372311592,0.020421933382749557,0.01976548694074154,0.020041313022375107,0.01984325982630253,0.019872214645147324,0.019864555448293686,0.019858894869685173,0.019753657281398773,0.019527636468410492,0.01995052769780159,0.01978105679154396,0.019682059064507484,0.01992405764758587,0.01991271786391735,0.01987374946475029,0.019989488646388054,0.019990144297480583,0.019641758874058723,0.019758298993110657,0.019641870632767677"
128,64,16,1024,adam,0.02013150043785572,0.09103313088417053,34.07047387606318,"0.48252570629119873,0.11274536699056625,0.04429629072546959,0.03562629595398903,0.031406134366989136,0.029433999210596085,0.028105603531003,0.026919014751911163,0.026798270642757416,0.025870822370052338,0.025372976437211037,0.024902556091547012,0.024904731661081314,0.024224724620580673,0.02420245110988617,0.023671481758356094,0.02553536184132099,0.023866238072514534,0.02384943515062332,0.024501550942659378,0.023893464356660843,0.0234212689101696,0.023572823032736778,0.022724509239196777,0.02263467386364937,0.022853881120681763,0.022130165249109268,0.02240207977592945,0.022699370980262756,0.02221778593957424,0.022603055462241173,0.021698979660868645,0.021831603720784187,0.021946096792817116,0.021775688976049423,0.021999018266797066,0.021819746121764183,0.021266764029860497,0.021579360589385033,0.02196299470961094,0.021251823753118515,0.022241409868001938,0.02109413594007492,0.021357031539082527,0.02107544243335724,0.02143998257815838,0.02086116559803486,0.02121390402317047,0.020781176164746284,0.020786214619874954,0.02170931175351143,0.020522987470030785,0.02081647515296936,0.021496843546628952,0.025802049785852432,0.02135104313492775,0.02058224007487297,0.02053213305771351,0.021556435152888298,0.021501408889889717,0.020936986431479454,0.020647384226322174,0.02043876051902771,0.020277535542845726,0.021238895133137703,0.020622743293642998,0.020326271653175354,0.020241228863596916,0.020352965220808983,0.020376082509756088,0.020356066524982452,0.020392589271068573,0.019648486748337746,0.019442429766058922,0.020514056086540222,0.019738808274269104,0.019543148577213287,0.019353289157152176,0.019714094698429108,0.019405987113714218,0.01932934857904911,0.019912008196115494,0.020090892910957336,0.019353093579411507,0.01950562745332718,0.01910301297903061,0.019161773845553398,0.019189074635505676,0.019001364707946777,0.01888446882367134,0.019066983833909035,0.018959665670990944,0.019273513928055763,0.019051402807235718,0.01885596103966236,0.019033784046769142,0.018996555358171463,0.019360926002264023,0.019084185361862183,0.01878819614648819","0.20411618053913116,0.05828850343823433,0.04026169329881668,0.031939197331666946,0.029960619285702705,0.02799529954791069,0.027029577642679214,0.02638228051364422,0.024917121976614,0.02577417902648449,0.024112172424793243,0.023663684725761414,0.02286822348833084,0.022710951045155525,0.022313179448246956,0.024225328117609024,0.02478688769042492,0.024631338194012642,0.0243227519094944,0.022374622523784637,0.022187145426869392,0.024222804233431816,0.0229073204100132,0.02143283374607563,0.02135348692536354,0.020793596282601357,0.02075648121535778,0.021297866478562355,0.020764654502272606,0.022656144574284554,0.020484792068600655,0.020214887335896492,0.020968152210116386,0.019939981400966644,0.02181829884648323,0.02410195767879486,0.020100144669413567,0.020000005140900612,0.02041536569595337,0.019958235323429108,0.021448681131005287,0.01986326090991497,0.020221387967467308,0.01975860260426998,0.024189230054616928,0.019979417324066162,0.022197239100933075,0.020220808684825897,0.019871369004249573,0.024489637464284897,0.019532237201929092,0.02061692625284195,0.022164618596434593,0.026420986279845238,0.021491678431630135,0.020126990973949432,0.019950643181800842,0.020191211253404617,0.021167337894439697,0.02237703464925289,0.019177475944161415,0.020205385982990265,0.019160879775881767,0.019215481355786324,0.020899498835206032,0.019189760088920593,0.019200656563043594,0.02087164856493473,0.019751084968447685,0.02054818719625473,0.02222864143550396,0.018972450867295265,0.01886173151433468,0.022391583770513535,0.01894553378224373,0.01857733353972435,0.018929867073893547,0.01894219033420086,0.01876254379749298,0.018864091485738754,0.01909801922738552,0.021091492846608162,0.018737636506557465,0.018732259050011635,0.0186196006834507,0.018930308520793915,0.018561601638793945,0.018531423062086105,0.01857583597302437,0.018420066684484482,0.01889108307659626,0.019101455807685852,0.018581325188279152,0.018417835235595703,0.018626047298312187,0.01862403191626072,0.0183530542999506,0.018590034916996956,0.018347254022955894,0.018349291756749153"
32,32,32,1024,rmsprop,0.02420157939195633,0.0983724519610405,30.935601458080193,"0.530182957649231,0.2040024846792221,0.09787016361951828,0.06467492878437042,0.05227722227573395,0.047104306519031525,0.04355860874056816,0.04038161411881447,0.038956236094236374,0.03638921305537224,0.037007421255111694,0.03512943536043167,0.03416714817285538,0.03420838341116905,0.033108267933130264,0.03307461738586426,0.032059185206890106,0.03184090182185173,0.031691666692495346,0.03139593079686165,0.03060818463563919,0.030057519674301147,0.03047039918601513,0.03013545088469982,0.02989780902862549,0.02990482747554779,0.02938070334494114,0.029621204361319542,0.029529962688684464,0.02800843119621277,0.02777557075023651,0.028732899576425552,0.028353756293654442,0.02820570021867752,0.028824999928474426,0.02873677760362625,0.027775732800364494,0.02732500620186329,0.028162218630313873,0.0274983998388052,0.02784319408237934,0.027432499453425407,0.026420747861266136,0.02713075280189514,0.02727443538606167,0.027129290625452995,0.02679434046149254,0.025882262736558914,0.02745128609240055,0.02651730179786682,0.02684600092470646,0.026622798293828964,0.02672470733523369,0.026503995060920715,0.02642831951379776,0.026557715609669685,0.02606477215886116,0.026212094351649284,0.02661425992846489,0.026176180690526962,0.026197288185358047,0.026187211275100708,0.02604818530380726,0.02591615542769432,0.025274433195590973,0.025826478376984596,0.02540908195078373,0.025561492890119553,0.02634797804057598,0.025949450209736824,0.023031866177916527,0.023188790306448936,0.02324601635336876,0.023132745176553726,0.023009028285741806,0.023266851902008057,0.02289704792201519,0.02302531525492668,0.022993456572294235,0.022879324853420258,0.022829990833997726,0.023175183683633804,0.022684523835778236,0.022855093702673912,0.022227587178349495,0.022220415994524956,0.02218789793550968,0.02218434400856495,0.02222050540149212,0.02217138558626175,0.022055743262171745,0.022124679759144783,0.02212579734623432,0.022078216075897217,0.022169388830661774,0.022073065862059593,0.022037070244550705,0.022119663655757904,0.022003788501024246,0.021913496777415276","0.3185446858406067,0.1556251496076584,0.08046692609786987,0.05638455972075462,0.04759977012872696,0.0540253221988678,0.04038461297750473,0.04237012192606926,0.045503340661525726,0.05950351431965828,0.035267435014247894,0.03432769700884819,0.04687798023223877,0.036388833075761795,0.03048538789153099,0.028907036408782005,0.03237023949623108,0.03020741418004036,0.02897578664124012,0.044437915086746216,0.034590087831020355,0.042932651937007904,0.03364862501621246,0.02932562865316868,0.028807230293750763,0.027315707877278328,0.028540922328829765,0.027874913066625595,0.026300866156816483,0.051743630319833755,0.024574032053351402,0.03055678866803646,0.056551724672317505,0.02801687642931938,0.02608284167945385,0.030967390164732933,0.024189703166484833,0.02417393960058689,0.030539222061634064,0.025314927101135254,0.023646455258131027,0.038394127041101456,0.03452068194746971,0.03100760653614998,0.02303675003349781,0.031095201149582863,0.03166622295975685,0.027021942660212517,0.02626744657754898,0.022798238322138786,0.031835123896598816,0.02463735267519951,0.03046526201069355,0.03230099752545357,0.0372612439095974,0.024046532809734344,0.033926304429769516,0.023069418966770172,0.03436322882771492,0.022694077342748642,0.023871080949902534,0.03605903312563896,0.031423792243003845,0.022724540904164314,0.023825114592909813,0.024101532995700836,0.032943397760391235,0.02322942391037941,0.025104252621531487,0.023337723687291145,0.022373398765921593,0.024017440155148506,0.025615621358156204,0.0211948212236166,0.022816864773631096,0.02117355726659298,0.023308228701353073,0.025563733652234077,0.023781295865774155,0.02307649329304695,0.0221788939088583,0.022119954228401184,0.021395590156316757,0.024126259610056877,0.021025676280260086,0.024296807125210762,0.02091527171432972,0.021140169352293015,0.020679794251918793,0.020575374364852905,0.021420642733573914,0.024546945467591286,0.021808162331581116,0.021579137071967125,0.022313736379146576,0.020872924476861954,0.022268354892730713,0.02098151296377182,0.02067708969116211,0.020808124914765358"
64,32,32,2048,adam,0.022548750042915344,0.09655443578958511,31.68894289185905,"0.878866970539093,0.47567567229270935,0.23329104483127594,0.14178606867790222,0.084622822701931,0.059130921959877014,0.048753686249256134,0.04245918616652489,0.03814719244837761,0.03536057099699974,0.03424561396241188,0.03197183832526207,0.031184229999780655,0.03047933429479599,0.029565246775746346,0.028470579534769058,0.028340613469481468,0.02811465784907341,0.027587758377194405,0.027545124292373657,0.02828373573720455,0.02655414119362831,0.026061080396175385,0.025933818891644478,0.026411842554807663,0.025568636134266853,0.025380916893482208,0.02563701570034027,0.025075817480683327,0.02725907228887081,0.027591511607170105,0.026714162901043892,0.025059645995497704,0.025667322799563408,0.025126032531261444,0.02447590045630932,0.024177679792046547,0.024276768788695335,0.024130141362547874,0.02401900663971901,0.023860875517129898,0.02384505793452263,0.02368091605603695,0.02408154122531414,0.023658504709601402,0.02366032637655735,0.02448219247162342,0.024321893230080605,0.02512933872640133,0.024581190198659897,0.023487994447350502,0.025815827772021294,0.023549461737275124,0.023440632969141006,0.023281345143914223,0.02306520938873291,0.023334434255957603,0.02340630441904068,0.022849002853035927,0.023153208196163177,0.022859318181872368,0.022725636139512062,0.02368043176829815,0.02286759950220585,0.022862441837787628,0.023100048303604126,0.023082783445715904,0.022657232359051704,0.023035898804664612,0.023840930312871933,0.023180238902568817,0.022626545280218124,0.022656608372926712,0.02249845303595066,0.022616568952798843,0.022631991654634476,0.0223432257771492,0.022185521200299263,0.022494127973914146,0.023390738293528557,0.02323756366968155,0.023188600316643715,0.022447064518928528,0.02201693318784237,0.02238718792796135,0.022186292335391045,0.02211940288543701,0.022891482338309288,0.022267939522862434,0.021921660751104355,0.0217567328363657,0.02182101458311081,0.02205328829586506,0.021767187863588333,0.021684331819415092,0.0215978492051363,0.021486429497599602,0.021790968254208565,0.021610798314213753,0.021548932418227196","0.661494791507721,0.3100658059120178,0.1863245666027069,0.11124791204929352,0.071687713265419,0.05629405751824379,0.04664342850446701,0.04148833453655243,0.037730954587459564,0.03510157763957977,0.034000374376773834,0.031581345945596695,0.030908826738595963,0.03031250461935997,0.02827513962984085,0.027478182688355446,0.028808463364839554,0.02699030004441738,0.027453985065221786,0.028460199013352394,0.026530802249908447,0.025239799171686172,0.024994444102048874,0.02601267769932747,0.024592086672782898,0.024165542796254158,0.02449784427881241,0.02399848774075508,0.025613894686102867,0.02751166746020317,0.025199037045240402,0.02341737039387226,0.025639675557613373,0.023023143410682678,0.02333841845393181,0.022913670167326927,0.022988637909293175,0.022529007866978645,0.02261326089501381,0.022296970710158348,0.022194754332304,0.0223945714533329,0.021967872977256775,0.022172167897224426,0.022172974422574043,0.023340724408626556,0.02415369637310505,0.025820432230830193,0.023258058354258537,0.02193196676671505,0.022603685036301613,0.02185133844614029,0.02173234149813652,0.021546699106693268,0.021389633417129517,0.02286292240023613,0.02117849886417389,0.021484505385160446,0.021088143810629845,0.02117460034787655,0.021021852269768715,0.02172824740409851,0.02135562337934971,0.02089807018637657,0.021601950749754906,0.021671192720532417,0.021223150193691254,0.021089110523462296,0.02188393846154213,0.02113650180399418,0.020920390263199806,0.020941507071256638,0.020610127598047256,0.02184269018471241,0.020944835618138313,0.02086944878101349,0.02047395333647728,0.020341139286756516,0.021403394639492035,0.022926632314920425,0.022325273603200912,0.02032923512160778,0.02072760835289955,0.02053595334291458,0.021155308932065964,0.02073150873184204,0.02094775252044201,0.020490963011980057,0.01992490328848362,0.020082758739590645,0.01998896710574627,0.0203398447483778,0.02018318511545658,0.01993933692574501,0.020097723230719566,0.019845329225063324,0.019868861883878708,0.01999606005847454,0.020093584433197975,0.02016785927116871"
